purpose	mean_routed_distance	var_routed_distance	mean_crowfly_distance	var_crowfly_distance
remote_work	23.657697	1699.217518	13.946783	639.409165
leisure	11.018446	634.592505	6.607980	264.392663
shop	5.511748	187.352600	3.630205	83.258461
escort_kids	5.770502	227.511653	3.704086	86.248714
escort_other	11.176473	450.772075	7.118604	193.787609
home	60.208186	6481.313954	27.784870	2256.325952
work	11.081679	343.312231	7.432098	159.068307
education	6.705316	280.827345	4.652281	134.998742
