purpose	mean_routed_distance	median_routed_distance	mean_crowfly_distance	median_crowfly_distance
remote_work	29.054722	7.256000	11.153455	3.776000
leisure	13.128054	3.000000	3.851773	1.216000
shop	6.889934	1.726108	1.801707	0.996000
escort_kids	5.991882	1.747000	2.945656	1.050000
escort_other	12.379748	4.228000	5.488903	2.687500
